"country","area_km2","population","openness","population_density"
"United States",1861900,160776000,3.69,86.3505021751974
"Mexico",77100,3892000,3.58,50.4798962386511
"Brazil",51100,5944000,3.2,116.320939334638
"Argentina",365900,12651000,3.87,34.5750204974037
"Colombia",1993800,275098000,2.92,137.976727856355
"Peru",920100,276219000,2.59,300.205412455168
"United Kingdom",312200,67775000,3.23,217.088404868674
"Germany",1568200,150106000,3.5,95.7186583343961
"Italy",1725800,413039000,2.69,239.331904044501
"Spain",1056300,266938000,2.94,252.710404241219
"Sweden",1308600,101925000,3.68,77.888583218707
"Norway",1841800,329644000,3.39,178.979259420132
"Poland",88400,6294000,2.55,71.1990950226244
"Netherlands",1234400,151769000,2.68,122.949611147116
"Greece",1415100,289033000,3.57,204.249169669988
"Portugal",1377300,80166000,2.59,58.2051840557613
"Japan",1210100,241712000,3.66,199.745475580531
"South Korea",555400,134719000,2.95,242.56211739287
"China",222700,40675000,2.64,182.644813650651
"Indonesia",1163700,224945000,3.89,193.30153819713
"Vietnam",1492200,443261000,2.82,297.052003752848
"Philippines",1998900,80634000,2.47,40.3391865526039
"Australia",1994400,615368000,3.64,308.547934215804
"New Zealand",1008300,43623000,3.79,43.2639095507289
"Nigeria",35300,7873000,3.27,223.031161473088
"Kenya",1690000,116618000,2.89,69.0047337278106
"Ghana",1866400,227136000,3.32,121.697385340763
"South Africa",702700,55901000,3.01,79.5517290451117
"Egypt",213000,41203000,3.39,193.441314553991
