"country","area_km2","population","openness"
"United States",1861900,160776000,3.69
"Mexico",77100,3892000,3.58
"Brazil",51100,5944000,3.2
"Argentina",365900,12651000,3.87
"Colombia",1993800,275098000,2.92
"Peru",920100,276219000,2.59
"United Kingdom",312200,67775000,3.23
"Germany",1568200,150106000,3.5
"Italy",1725800,413039000,2.69
"Spain",1056300,266938000,2.94
"Sweden",1308600,101925000,3.68
"Norway",1841800,329644000,3.39
"Poland",88400,6294000,2.55
"Netherlands",1234400,151769000,2.68
"Greece",1415100,289033000,3.57
"Portugal",1377300,80166000,2.59
"Japan",1210100,241712000,3.66
"South Korea",555400,134719000,2.95
"China",222700,40675000,2.64
"Indonesia",1163700,224945000,3.89
"Vietnam",1492200,443261000,2.82
"Philippines",1998900,80634000,2.47
"Australia",1994400,615368000,3.64
"New Zealand",1008300,43623000,3.79
"Nigeria",35300,7873000,3.27
"Kenya",1690000,116618000,2.89
"Ghana",1866400,227136000,3.32
"South Africa",702700,55901000,3.01
"Egypt",213000,41203000,3.39
