country,area_km2,population,openness,conscientiousness,extraversion,agreeableness,neuroticism,median_age,urban_population_pct,survey_n,data_source
United States,1861900,160776000,3.69,2.92,3.81,3.37,2.46,27.53,71.79,1487,SIMULATED
Canada,NA,79785000,2.53,3.49,2.72,2.82,2.53,46.82,60.09,957,SIMULATED
Mexico,77100,3892000,3.58,3.37,3.15,2.99,3.63,25.24,47.73,1040,SIMULATED
Brazil,51100,5944000,3.2,2.6,2.42,2.46,2.74,40.19,55.03,486,SIMULATED
Argentina,365900,12651000,3.87,3.7,2.4,3.11,3.33,44.19,94.46,1388,SIMULATED
Chile,516600,NA,3.42,3.79,3.03,2.65,2.42,42.52,62.91,1033,SIMULATED
Colombia,1993800,275098000,2.92,3.72,2.61,3.88,2.42,33.84,48.65,1642,SIMULATED
Peru,920100,276219000,2.59,3.06,3.47,2.91,3.48,46.04,78.02,1167,SIMULATED
United Kingdom,312200,67775000,3.23,3.79,3.83,2.7,3.26,34.05,87.68,1754,SIMULATED
France,1080700,244376000,NA,2.84,3.18,3.61,2.72,32.13,65.65,618,SIMULATED
Germany,1568200,150106000,3.5,3.33,3.11,2.87,NA,40.95,75.02,1139,SIMULATED
Italy,1725800,413039000,2.69,2.91,3.89,2.92,3.9,37.42,79.01,1952,SIMULATED
Spain,1056300,266938000,2.94,3.43,3.72,3.4,2.78,42.81,41.03,1298,SIMULATED
Sweden,1308600,101925000,3.68,3.26,2.84,3.33,3.28,29.89,60.7,1293,SIMULATED
Norway,1841800,329644000,3.39,3.76,3.43,2.83,3.48,38.91,41.27,1459,SIMULATED
Finland,NA,88097000,3.55,2.59,2.86,2.51,3.33,36.16,68.42,536,SIMULATED
Poland,88400,6294000,2.55,3.36,3.25,3.6,2.41,35.44,49.6,658,SIMULATED
Netherlands,1234400,151769000,2.68,2.68,3.9,3.17,2.48,42.06,59.75,1869,SIMULATED
Greece,1415100,289033000,3.57,3.56,3.66,2.84,3.49,43.88,78.22,903,SIMULATED
Portugal,1377300,80166000,2.59,3.39,2.48,3.87,2.65,45.17,65.46,1815,SIMULATED
Japan,1210100,241712000,3.66,2.48,3.62,3.25,2.42,38.47,NA,1621,SIMULATED
South Korea,555400,134719000,2.95,3.47,3.09,3.34,2.91,43.91,36.24,847,SIMULATED
China,222700,40675000,2.64,2.55,3.03,3.65,2.71,35.73,37.77,1629,SIMULATED
India,438400,NA,2.71,3.29,2.8,3.34,3.6,29.39,42.45,1781,SIMULATED
Indonesia,1163700,224945000,3.89,3.38,3.62,3.65,3.44,40.03,50.65,1256,SIMULATED
Thailand,1175900,252583000,NA,2.91,3.58,3.01,3.6,27.08,81.55,969,SIMULATED
Vietnam,1492200,443261000,2.82,3.46,2.42,3.86,2.46,30.77,81.28,824,SIMULATED
Philippines,1998900,80634000,2.47,2.95,3.61,3.39,3.75,42.01,82.96,736,SIMULATED
Australia,1994400,615368000,3.64,3.42,3.27,3.78,3.33,22.69,39.51,1739,SIMULATED
New Zealand,1008300,43623000,3.79,3.83,3.38,3.87,2.92,42.16,54.98,1468,SIMULATED
Nigeria,35300,7873000,3.27,3.6,2.43,3.35,3.09,37.24,71.74,787,SIMULATED
Kenya,1690000,116618000,2.89,2.5,2.68,2.51,3.49,45.99,93.56,986,SIMULATED
Ghana,1866400,227136000,3.32,2.74,3.03,2.47,2.46,29.16,90.68,685,SIMULATED
South Africa,702700,55901000,3.01,2.68,2.52,3.66,2.96,36.64,47.45,425,SIMULATED
Egypt,213000,41203000,3.39,3.5,3.02,3.34,2.57,43.64,49.63,1102,SIMULATED
Morocco,NA,NA,3.82,2.44,3.75,3.63,2.67,30.9,89.51,1849,SIMULATED
